[
  {
    "id": 1,
    "image": "https://www.unionarena-tcg.com/jp/images/cardlist/card/UA23BT_AOT-1-002.png?v5",
    "title": "艾爾文",
    "code": "UA23BT/AOT-1-002",
    "price": 90,
    "stock": 1,
    "category": "進擊的巨人"
  },
  {
    "id": 2,
    "image": "https://www.unionarena-tcg.com/jp/images/cardlist/card/UA23BT_AOT-1-010.png?v5",
    "title": "里維",
    "code": "UA23BT/AOT-1-010",
    "price": 110,
    "stock": 0,
    "category": "進擊的巨人"
  },
  {
    "id": 3,
    "image": "https://www.unionarena-tcg.com/jp/images/cardlist/card/UA23BT_AOT-1-011.png?v5",
    "title": "里維",
    "code": "UA23BT/AOT-1-011",
    "price": 120,
    "stock": 1,
    "category": "進擊的巨人"
  },
  {
    "id": 4,
    "image": "https://www.unionarena-tcg.com/jp/images/cardlist/card/UA23BT_AOT-1-022.png?v5",
    "title": "希絲特莉亞",
    "code": "UA23BT/AOT-1-022",
    "price": 120,
    "stock": 0,
    "category": "進擊的巨人"
  },
  {
    "id": 5,
    "image": "https://www.unionarena-tcg.com/jp/images/cardlist/card/UA23BT_AOT-1-048.png?v5",
    "title": "獸之巨人",
    "code": "UA23BT/AOT-1-048",
    "price": 50,
    "stock": 4,
    "category": "進擊的巨人"
  },
  {
    "id": 6,
    "image": "https://www.unionarena-tcg.com/jp/images/cardlist/card/UA23BT_AOT-1-053.png?v5",
    "title": "女型巨人",
    "code": "UA23BT/AOT-1-053",
    "price": 120,
    "stock": 0,
    "category": "進擊的巨人"
  },
  {
    "id": 7,
    "image": "https://www.unionarena-tcg.com/jp/images/cardlist/card/UA23BT_AOT-1-057.png?v5",
    "title": "超大型巨人",
    "code": "UA23BT/AOT-1-057",
    "price": 50,
    "stock": 5,
    "category": "進擊的巨人"
  },
  {
    "id": 8,
    "image": "https://www.unionarena-tcg.com/jp/images/cardlist/card/UA23BT_AOT-1-061.png?v5",
    "title": "鎧之巨人",
    "code": "UA23BT/AOT-1-061",
    "price": 80,
    "stock": 1,
    "category": "進擊的巨人"
  },
  {
    "id": 9,
    "image": "https://www.unionarena-tcg.com/jp/images/cardlist/card/UA23BT_AOT-1-077.png?v5",
    "title": "阿爾敏",
    "code": "UA23BT/AOT-1-077",
    "price": 180,
    "stock": 0,
    "category": "進擊的巨人"
  },
  {
    "id": 10,
    "image": "https://www.unionarena-tcg.com/jp/images/cardlist/card/UA23BT_AOT-1-089.png?v5",
    "title": "米卡莎",
    "code": "UA23BT/AOT-1-089",
    "price": 180,
    "stock": 0,
    "category": "進擊的巨人"
  },
  {
    "id": 11,
    "image": "https://www.unionarena-tcg.com/jp/images/cardlist/card/UA23BT_AOT-1-092.png?v5",
    "title": "艾倫",
    "code": "UA23BT/AOT-1-092",
    "price": 100,
    "stock": 3,
    "category": "進擊的巨人"
  },
  {
    "id": 12,
    "image": "https://www.unionarena-tcg.com/jp/images/cardlist/card/UA23BT_AOT-1-094.png?v5",
    "title": "進擊巨人",
    "code": "UA23BT/AOT-1-094",
    "price": 180,
    "stock": 0,
    "category": "進擊的巨人"
  },
  {
    "id": 13,
    "image": "https://www.unionarena-tcg.com/jp/images/cardlist/card/UA23ST_AOT-1-105.png?v5",
    "title": "米卡莎",
    "code": "UA23ST/AOT-1-105",
    "price": 22,
    "stock": 0,
    "category": "進擊的巨人"
  },
  {
    "id": 14,
    "image": "https://www.unionarena-tcg.com/jp/images/cardlist/card/UA23ST_AOT-1-107.png?v5",
    "title": "艾倫",
    "code": "UA23ST/AOT-1-107",
    "price": 40,
    "stock": 0,
    "category": "進擊的巨人"
  },
  {
    "id": 15,
    "image": "https://www.unionarena-tcg.com/jp/images/cardlist/card/UA10BT_MHA-1-004.png?v5",
    "title": "ALL FOR ONE",
    "code": "UA10BT/MHA-1-004",
    "price": 28,
    "stock": 0,
    "category": "我的英雄學院"
  },
  {
    "id": 16,
    "image": "https://www.unionarena-tcg.com/jp/images/cardlist/card/UA10BT_MHA-1-010.png?v5",
    "title": "死柄木弔",
    "code": "UA10BT/MHA-1-010",
    "price": 77,
    "stock": 0,
    "category": "我的英雄學院"
  },
  {
    "id": 17,
    "image": "https://www.unionarena-tcg.com/jp/images/cardlist/card/UA10BT_MHA-1-020.png?v5",
    "title": "渡我被身子",
    "code": "UA10BT/MHA-1-020",
    "price": 151,
    "stock": 0,
    "category": "我的英雄學院"
  },
  {
    "id": 18,
    "image": "https://www.unionarena-tcg.com/jp/images/cardlist/card/UA10BT_MHA-1-042.png?v5",
    "title": "麗日 御茶子",
    "code": "UA10BT/MHA-1-042",
    "price": 49,
    "stock": 5,
    "category": "我的英雄學院"
  },
  {
    "id": 19,
    "image": "https://www.unionarena-tcg.com/jp/images/cardlist/card/UA02BT_JJK-1-005.png?v5",
    "title": "狗巻 棘",
    "code": "UA02BT/JJK-1-005",
    "price": 40,
    "stock": 9,
    "category": "咒術迴戰"
  },
  {
    "id": 20,
    "image": "https://www.unionarena-tcg.com/jp/images/cardlist/card/UA02BT_JJK-1-008.png?v5",
    "title": "釘崎 野薔薇",
    "code": "UA02BT/JJK-1-008",
    "price": 58,
    "stock": 1,
    "category": "咒術迴戰"
  },
  {
    "id": 21,
    "image": "https://www.unionarena-tcg.com/jp/images/cardlist/card/UA02BT_JJK-1-012.png?v5",
    "title": "五條 悟",
    "code": "UA02BT/JJK-1-012",
    "price": 142,
    "stock": 0,
    "category": "咒術迴戰"
  },
  {
    "id": 22,
    "image": "https://www.unionarena-tcg.com/jp/images/cardlist/card/UA02BT_JJK-1-022.png?v5",
    "title": "伏黑 惠",
    "code": "UA02BT/JJK-1-013",
    "price":58,
    "stock": 3,
    "category": "咒術迴戰"
  }
]